id,first_name,last_name,email,gender,ip_address
1,Tirrell,Dohmer,tdohmer0@edublogs.org,Male,186.228.58.59
2,Curtis,Hefferan,chefferan1@unesco.org,Male,222.203.226.99
3,Odelia,Consterdine,oconsterdine2@ustream.tv,Female,206.107.127.145
4,Boyce,Galletly,bgalletly3@unesco.org,Male,122.163.34.128
5,Lucius,Eakins,leakins4@wix.com,Male,177.2.140.246
6,Randal,Gebuhr,rgebuhr5@dagondesign.com,Male,47.174.168.240
7,Townsend,Gaze,tgaze6@wikispaces.com,Male,110.123.83.68
8,Nathan,Gavan,ngavan7@mit.edu,Male,120.89.198.196
9,Rickie,Pannett,rpannett8@google.com.hk,Male,88.208.126.213
10,Daphne,Bysshe,dbysshe9@cmu.edu,Female,243.88.134.2
11,Scot,Tracey,straceya@domainmarket.com,Male,14.68.221.10
12,Aila,Danzey,adanzeyb@ycombinator.com,Female,48.158.112.112
13,Godfry,Storrs,gstorrsc@goo.gl,Male,174.47.21.12
14,Karlotta,Moreno,kmorenod@addthis.com,Female,66.116.252.38
15,Katrine,Maidstone,kmaidstonee@google.co.uk,Female,197.89.238.79
16,Garfield,Ricoald,gricoaldf@nytimes.com,Male,146.104.160.122
17,Catha,Charlot,ccharlotg@twitter.com,Female,81.208.241.112
18,Ervin,Chadbourn,echadbournh@blog.com,Male,96.224.112.91
19,Perice,Ferminger,pfermingeri@123-reg.co.uk,Male,95.198.200.146
20,Pen,Limerick,plimerickj@ed.gov,Male,64.249.237.121
21,Sherwin,Devas,sdevask@vimeo.com,Male,12.42.26.79
22,Torre,Silverstone,tsilverstonel@disqus.com,Male,158.33.242.79
23,Pauly,Kordes,pkordesm@paginegialle.it,Female,32.196.237.56
24,Tucker,Dalwood,tdalwoodn@reference.com,Male,216.20.134.204
25,Moises,Fairbourn,mfairbourno@flickr.com,Male,182.249.6.155
26,Agnella,Reightley,areightleyp@livejournal.com,Female,88.168.21.163
27,Garvy,Oxenbury,goxenburyq@privacy.gov.au,Male,24.182.18.135
28,Bamby,Martynikhin,bmartynikhinr@amazonaws.com,Female,226.14.139.20
29,Darbee,Martensen,dmartensens@dell.com,Male,40.133.154.188
30,Otes,Blum,oblumt@blogspot.com,Male,120.49.56.170
31,Codie,Ubsdell,cubsdellu@webeden.co.uk,Male,98.180.13.235
32,Conroy,Greenroyd,cgreenroydv@rediff.com,Male,153.135.136.229
33,Dwain,Wyatt,dwyattw@sourceforge.net,Male,87.147.115.85
34,Cori,Colyer,ccolyerx@freewebs.com,Male,190.190.26.32
35,Jaquith,Westberg,jwestbergy@stanford.edu,Female,148.241.204.217
36,Tilly,Blacktin,tblacktinz@foxnews.com,Female,54.121.109.24
37,Susanetta,O'Kennavain,sokennavain10@usda.gov,Female,187.91.182.148
38,Rosita,Ruddy,rruddy11@purevolume.com,Female,129.102.140.6
39,Beaufort,Farrent,bfarrent12@jiathis.com,Male,139.126.201.120
40,Larine,Avesque,lavesque13@squidoo.com,Female,93.2.210.247
41,Norry,Cosby,ncosby14@jigsy.com,Male,225.226.188.73
42,Mabelle,Hartzog,mhartzog15@usa.gov,Female,208.123.108.21
43,Bradley,Bryer,bbryer16@multiply.com,Male,111.52.184.6
44,Kesley,Cummings,kcummings17@blogs.com,Female,67.120.246.230
45,Lawry,Dmitr,ldmitr18@nasa.gov,Male,113.135.121.154
46,Flore,Pittham,fpittham19@amazon.de,Female,205.138.76.171
47,Ad,Moulton,amoulton1a@elegantthemes.com,Male,124.26.0.214
48,Kellen,Stuehmeier,kstuehmeier1b@bizjournals.com,Male,51.208.113.195
49,Katrine,Kleewein,kkleewein1c@ifeng.com,Female,110.114.234.149
50,Margaretta,Essex,messex1d@odnoklassniki.ru,Female,14.210.45.174
